ticker,k_ticker,pm_token_id,bwr_label,k_question_actual,k_subtitle,pm_question_actual,pm_outcome,pm_all_outcomes,issues
BWR-ESPAILLAT-WIN-DEM_NOM_NY13-PRIMARY-ANY-2026,KXNY13D-26-AESP,32267317137576261468029282489488620944358875503578558321905938935435579396497,Will Adriano Espaillat be the Democratic nominee for NY-13?,Will Adriano Espaillat be the Democratic nominee for NY-13?,:: Incumbent,Will Adriano Espaillat be the Democratic Nominee for NY-13?,,"['Yes', 'No']",OK
BWR-AMADOR-WIN-DEM_NOM_NY13-PRIMARY-ANY-2026,KXNY13D-26-JAMA,22923368263767590428987798075575909590223530155664669069971868689484297261500,Will Jaliel Amador be the Democratic nominee for NY-13?,Will Jaliel Amador be the Democratic nominee for NY-13?,,Will Jaleel Amador be the Democratic Nominee for NY-13?,,"['Yes', 'No']",OK
BWR-MILLER-WIN-DEM_NOM_NY13-PRIMARY-ANY-2026,KXNY13D-26-MMIL,8608317574717919639592346411602668438605050919704951969833903607649299947045,Will Matt Miller be the Democratic nominee for NY-13?,Will Matt Miller be the Democratic nominee for NY-13?,,Will Matt Miller be the Democratic Nominee for NY-13?,,"['Yes', 'No']",OK
BWR-FED-CUT-FFR-SPECIFIC_MEETING-25BPS-JUN2026,KXFEDDECISION-26JUN-C25,65193234666628291664907888364936366210889305490897648116746073820519263548476,Will the Federal Reserve Cut rates by 25bps at their June 2026 meeting?,Will the Federal Reserve Cut rates by 25bps at their June 2026 meeting?,Cut 25bps,Will the Fed decrease interest rates by 25 bps after the June 2026 meeting?,,"['Yes', 'No']",OK
BWR-J_POWELL-LEAVE-FED_BOARD-ANY_MEANS-ANY-2026,KXLEAVEPOWELLGOV-26AUG01-27,22801850234146882171623964647122386741389461559306988855789494206399090605744,"Will Jerome Powell leave Member of the Board of Governors of the Federal Reserve System before Jan 1, 2027?","Will Jerome Powell leave Member of the Board of Governors of the Federal Reserve System before Jan 1, 2027?",,Jerome Powell out from Fed Board by December 31?,,"['Yes', 'No']",OK
BWR-DEM-WIN-SENATE_TX-CERTIFIED-ANY-2026,SENATETX-26-D,15290572385458522370285732869432740297199321382471116558439914335588167718663,Will Democratics win the Senate race in Texas?,Will Democratics win the Senate race in Texas?,:: Democratic,Will the Democrats win the Texas Senate race in 2026?,,"['Yes', 'No']",OK
BWR-LARRIETT-WIN-DEM_NOM_SEN_AL-PRIMARY-ANY-2026,KXSENATEALD-26-DLAR,84105352370131155722647363201789721788975849990521409198749642413041733766938,Wil Dakarai Larriett be the Democratic nominee for the Senate in Alabama?,Will Dakarai Larriett be the Democratic nominee for the Senate in Alabama?,,Will Dakarai Larriett be the Democratic nominee for Senate in Alabama?,,"['Yes', 'No']",OK
BWR-GOP-WIN-GOV_CT-CERTIFIED-ANY-2026,GOVPARTYCT-26-R,28222949582692352334110457056784683609708218641745397767642367585928375878193,Will the Republican party win the governorship in Connecticut,Will the Republican party win the governorship in Connecticut,,Will the Republicans win the Connecticut governor race in 2026?,,"['Yes', 'No']",OK
BWR-GOP-CONTROL-SENATE-CERTIFIED-ANY-2026,CONTROLS-2026-R,51939490109676186832507970701169130490548061087912630009168726706475001411420,Will Republicans win the U.S. Senate in 2026?,Will Republicans win the U.S. Senate in 2026?,,Will the Republican Party control the Senate after the 2026 Midterm elections?,,"['Yes', 'No']",OK
BWR-GOP-WIN-GOV_MA-CERTIFIED-ANY-2026,GOVPARTYMA-26-R,60883119277247470994582429550632811829505423471772740208057726618094988141160,Will the Republican party win the governorship in Massachusetts,Will the Republican party win the governorship in Massachusetts,,Will the Republicans win the Massachusetts governor race in 2026?,,"['Yes', 'No']",OK
BWR-GOP-WIN-HOUSE_MA07-CERTIFIED-ANY-2026,KXHOUSERACE-MA07-26-R,96071557716589239607557383451163817935657548920530071806737185506482842924224,Will Republican win the House race for MA-07?,Will Republican win the House race for MA-07?,::,Will the Republican Party win the MA-07 House seat?,,"['Yes', 'No']",OK
BWR-DEM-WIN-HOUSE_MA08-CERTIFIED-ANY-2026,KXHOUSERACE-MA08-26-D,94942197335447814139209609749404898815210845147808744178807009819254277159529,Will Democratic win the House race for MA-08?,Will Democratic win the House race for MA-08?,::,Will the Democratic Party win the MA-08 House seat?,,"['Yes', 'No']",OK
BWR-GOP-WIN-HOUSE_MA08-CERTIFIED-ANY-2026,KXHOUSERACE-MA08-26-R,40791333844110415131935576834147090752921372471104704162885415232646000620966,Will Republican win the House race for MA-08?,Will Republican win the House race for MA-08?,::,Will the Republican Party win the MA-08 House seat?,,"['Yes', 'No']",OK
BWR-DEM-WIN-HOUSE_MA09-CERTIFIED-ANY-2026,KXHOUSERACE-MA09-26-D,89982197808859184121392026464295315208906708525234608173882801362386876649268,Will Democratic win the House race for MA-09?,Will Democratic win the House race for MA-09?,::,Will the Democratic Party win the MA-09 House seat?,,"['Yes', 'No']",OK
BWR-SEO_YOUNG_KYO-WIN-MAYOR_SEOUL-CERTIFIED-ANY-2026,KXSEOULMAYOR-26JUN03-SYOU,34648451464074935750640597029866394398880909021795314693381268650725647277842,Will Seo Young-kyo win the 2026 Seoul mayoral election?,Will Seo Young-kyo win the 2026 Seoul mayoral election?,:: DPK,Will Seo Young-kyo win the 2026 Seoul Mayoral Election,,"['Yes', 'No']",OK
BWR-DEM-WIN-GOV_PA-CERTIFIED-ANY-2026,GOVPARTYPA-26-D,86158564038726526008163887440654010269502827272776903587995739265573029112945,Will the Democratic party win the governorship in Pennsylvania,Will the Democratic party win the governorship in Pennsylvania,:: Current incumbent: Josh Shapiro,Will the Democrats win the Pennsylvania governor race in 2026?,,"['Yes', 'No']",OK
BWR-GOP-WIN-HOUSE_PA10-CERTIFIED-ANY-2026,HOUSEPA10-26-R,103572160941197360900419917573086716527751112441366358755475598989264153655130,Will Republican win the House race for PA-10?,Will Republican win the House race for PA-10?,:: Current incumbent: Scott Perry,Will the Republican Party win the PA-10 House seat?,,"['Yes', 'No']",OK
BWR-GOP-WIN-HOUSE_PA_17-CERTIFIED-ANY-2026,HOUSEPA17-26-R,77270528565096170942681034240505559337789074144984119599775969697184701632928,Will Republican win the House race for PA-17?,Will Republican win the House race for PA-17?,::,Will the Republican Party win the PA-17 House seat?,,"['Yes', 'No']",OK
BWR-DEM-WIN-HOUSE_PA_04-CERTIFIED-ANY-2026,KXHOUSERACE-PA04-26-D,45016212564278950396482368180977199049829776570377366771879459820318001214835,Will Democratic win the House race for PA-04?,Will Democratic win the House race for PA-04?,::,Will the Democratic Party win the PA-04 House seat?,,"['Yes', 'No']",OK
BWR-DEM-WIN-HOUSE_PA09-CERTIFIED-ANY-2026,KXHOUSERACE-PA09-26-D,97812938692456679808746034145818517085521455414053194949349964189319622531898,Will Democratic win the House race for PA-09?,Will Democratic win the House race for PA-09?,::,Will the Democratic Party win the PA-09 House seat?,,"['Yes', 'No']",OK
BWR-GOP-WIN-HOUSE_PA09-CERTIFIED-ANY-2026,KXHOUSERACE-PA09-26-R,93623375239380254527052331229401586532637435613551257682510121330589878960231,Will Republican win the House race for PA-09?,Will Republican win the House race for PA-09?,::,Will the Republican Party win the PA-09 House seat?,,"['Yes', 'No']",OK
BWR-DEM-WIN-HOUSE_PA14-CERTIFIED-ANY-2026,KXHOUSERACE-PA14-26-D,99812435088801422535655555993774789025373179257535038169653246751348776918066,Will Democratic win the House race for PA-14?,Will Democratic win the House race for PA-14?,::,Will the Democratic Party win the PA-14 House seat?,,"['Yes', 'No']",OK
BWR-GOP-WIN-HOUSE_PA15-CERTIFIED-ANY-2026,KXHOUSERACE-PA15-26-R,66651842382408982655874671572682954771625903570272496155121637911253362704144,Will Republican win the House race for PA-15?,Will Republican win the House race for PA-15?,::,Will the Republican Party win the PA-15 House seat?,,"['Yes', 'No']",OK
BWR-DEM-WIN-HOUSE_PA16-CERTIFIED-ANY-2026,KXHOUSERACE-PA16-26-D,34053878432533318652191104096144436940599920381725408576737218525673551806154,Will Democratic win the House race for PA-16?,Will Democratic win the House race for PA-16?,::,Will the Democratic Party win the PA-16 House seat?,,"['Yes', 'No']",OK
BWR-DEM-WIN-GOV_VT-CERTIFIED-ANY-2026,GOVPARTYVT-26-D,60184991030711150053889856154789765911962237408503307206289529109604385579009,Will the Democratic party win the governorship in Vermont,Will the Democratic party win the governorship in Vermont,,Will the Democrats win the Vermont governor race in 2026?,,"['Yes', 'No']",OK
BWR-RUBIO-WIN-PRES-CERTIFIED-ANY-2028,KXPRESPERSON-28-MRUB,11171618905857319805355893398009978356002287408842633593535559412449299952250,Who will win the next presidential election?,Who will win the next presidential election?,:: Republican,Will Marco Rubio win the 2028 US Presidential Election?,,"['Yes', 'No']",OK
BWR-HILTON-WIN-GOV_CA-CERTIFIED-ANY-2026,KXGOVCA-26-SHIL,82742036522262670996662794097029680950132682539859985097974842241612036171395,Who will win the governorship in California?,Who will win the governorship in California?,:: Republican,Will Steve Hilton win the California Governor Election in 2026?,,"['Yes', 'No']",OK
BWR-SWALWELL-WIN-GOV_CA-CERTIFIED-ANY-2026,KXGOVCA-26-ESWA,53108492762804322790881187287769990850666506477078895895702280937595932013486,Who will win the governorship in California?,Who will win the governorship in California?,:: Democratic,Will Eric Swalwell win the California Governor Election in 2026?,,"['Yes', 'No']",OK
BWR-STEYER-WIN-GOV_CA-CERTIFIED-ANY-2026,KXGOVCA-26-TSTE,20705956847651355292903061592334315186019059728484478747049630947764308652621,Who will win the governorship in California?,Who will win the governorship in California?,:: Democratic,Will Tom Steyer win the California Governor Election in 2026?,,"['Yes', 'No']",OK
BWR-DEM-WIN-GOV_AZ-CERTIFIED-ANY-2026,GOVPARTYAZ-26-D,48368039124533504674394545622809320495392482760644292167644042386014017726777,Will the Democratic party win the governorship in Arizona,Will the Democratic party win the governorship in Arizona,:: Current incumbent: Katie Hobbs,Will the Democrats win the Arizona governor race in 2026?,,"['Yes', 'No']",OK
BWR-GOP-WIN-GOV_AL-CERTIFIED-ANY-2026,GOVPARTYAL-26-R,109054998942213692077271472955675949350077711784792442998941210738471587356514,Will the Republican party win the governorship in Alabama,Will the Republican party win the governorship in Alabama,,Will the Republicans win the Alabama governor race in 2026?,,"['Yes', 'No']",OK
BWR-DEM-WIN-GOV_AL-CERTIFIED-ANY-2026,GOVPARTYAL-26-D,66799540193763442273153807390120946960260027428359861674134091731050086258652,Will the Democratic party win the governorship in Alabama,Will the Democratic party win the governorship in Alabama,,Will the Democrats win the Alabama governor race in 2026?,,"['Yes', 'No']",OK
BWR-GOP-WIN-GOV_CO-CERTIFIED-ANY-2026,GOVPARTYCO-26-R,17546916569546560082654809047780534438941220653259855302022567325162996913878,Will the Republican party win the governorship in Colorado,Will the Republican party win the governorship in Colorado,,Will the Republicans win the Colorado governor race in 2026?,,"['Yes', 'No']",OK
BWR-GOP-WIN-GOV_FL-CERTIFIED-ANY-2026,GOVPARTYFL-26-R,107409796822153809778143872196236532785178617102787858261374110829112218839748,Will the Republican party win the governorship in Florida,Will the Republican party win the governorship in Florida,,Will the Republicans win the Florida governor race in 2026?,,"['Yes', 'No']",OK
BWR-DEM-WIN-GOV_FL-CERTIFIED-ANY-2026,GOVPARTYFL-26-D,45666577334498374671436529469006420565255125221309505855441517627481607414492,Will the Democratic party win the governorship in Florida,Will the Democratic party win the governorship in Florida,,Will the Democrats win the Florida governor race in 2026?,,"['Yes', 'No']",OK
BWR-GOP-WIN-GOV_GA-CERTIFIED-ANY-2026,GOVPARTYGA-26-R,17555504943162344098534978138053308162738914357892515623100381936995379845407,Will the Republican party win the governorship in Georgia,Will the Republican party win the governorship in Georgia,,Will the Republicans win the Georgia governor race in 2026?,,"['Yes', 'No']",OK
BWR-DEM-WIN-GOV_GA-CERTIFIED-ANY-2026,GOVPARTYGA-26-D,59980150909931986777748227027020522224275707387562276219060223816867188565245,Will the Democratic party win the governorship in Georgia,Will the Democratic party win the governorship in Georgia,,Will the Democrats win the Georgia governor race in 2026?,,"['Yes', 'No']",OK
BWR-GOP-WIN-GOV_HI-CERTIFIED-ANY-2026,GOVPARTYHI-26-R,6206829575409742132406519993328718521258147411060807019224318077365646262406,Will the Republican party win the governorship in Hawaii,Will the Republican party win the governorship in Hawaii,,Will the Republicans win the Hawaii governor race in 2026?,,"['Yes', 'No']",OK
BWR-DEM-WIN-GOV_HI-CERTIFIED-ANY-2026,GOVPARTYHI-26-D,110136962687751258520353298894226275160632723246908859759371791290370868364654,Will the Democratic party win the governorship in Hawaii,Will the Democratic party win the governorship in Hawaii,,Will the Democrats win the Hawaii governor race in 2026?,,"['Yes', 'No']",OK
BWR-GOP-WIN-GOV_IL-CERTIFIED-ANY-2026,GOVPARTYIL-26-R,84456939894380206199554748929444222951802944556070526261308395410636849018567,Will the Republican party win the governorship in Illinois,Will the Republican party win the governorship in Illinois,,Will the Republicans win the Illinois governor race in 2026?,,"['Yes', 'No']",OK
BWR-DEM-WIN-GOV_IA-CERTIFIED-ANY-2026,GOVPARTYIA-26-D,45621938709469399887344165091123819127263258871102896783851049824656362940868,Will the Democratic party win the governorship in Iowa,Will the Democratic party win the governorship in Iowa,,Will the Democrats win the Iowa governor race in 2026?,,"['Yes', 'No']",OK
BWR-GOP-WIN-GOV_IA-CERTIFIED-ANY-2026,GOVPARTYIA-26-R,35744753605838865227961720864928711626409257515092566128191701940968999011763,Will the Republican party win the governorship in Iowa,Will the Republican party win the governorship in Iowa,,Will the Republicans win the Iowa governor race in 2026?,,"['Yes', 'No']",OK
BWR-DEM-WIN-GOV_ME-CERTIFIED-ANY-2026,GOVPARTYME-26-D,92845243966002494782242842696395378111295494684532387488276103452077216171518,Will the Democratic party win the governorship in Maine,Will the Democratic party win the governorship in Maine,,Will the Democrats win the Maine governor race in 2026?,,"['Yes', 'No']",OK
BWR-GOP-WIN-GOV_ME-CERTIFIED-ANY-2026,GOVPARTYME-26-R,77900872247159891045693614974240851672235710405168744753050508553885061962390,Will the Republican party win the governorship in Maine,Will the Republican party win the governorship in Maine,,Will the Republicans win the Maine governor race in 2026?,,"['Yes', 'No']",OK
BWR-GOP-WIN-GOV_MD-CERTIFIED-ANY-2026,GOVPARTYMD-26-R,99454680080858182975916786322594927636228275589135289499749895045005789315019,Will the Republican party win the governorship in Maryland,Will the Republican party win the governorship in Maryland,,Will the Republicans win the Maryland governor race in 2026?,,"['Yes', 'No']",OK
BWR-DEM-WIN-GOV_MD-CERTIFIED-ANY-2026,GOVPARTYMD-26-D,21509039698927424303190259436702262868147960450053769072201076877922760800234,Will the Democratic party win the governorship in Maryland,Will the Democratic party win the governorship in Maryland,,Will the Democrats win the Maryland governor race in 2026?,,"['Yes', 'No']",OK
BWR-DEM-WIN-GOV_NE-CERTIFIED-ANY-2026,GOVPARTYNE-26-D,3466069051818884243073756614952529401222377791973010490050674378116587529746,Will the Democratic party win the governorship in Nebraska,Will the Democratic party win the governorship in Nebraska,,Will the Democrats win the Nebraska governor race in 2026?,,"['Yes', 'No']",OK
BWR-GOP-WIN-GOV_NV-CERTIFIED-ANY-2026,GOVPARTYNV-26-R,26514162544090965098284473937422427465088569867873952479707540387314217381282,Will the Republican party win the governorship in Nevada,Will the Republican party win the governorship in Nevada,:: Current incumbent: Joe Lombardo,Will the Republicans win the Nevada governor race in 2026?,,"['Yes', 'No']",OK
BWR-DEM-WIN-GOV_NM-CERTIFIED-ANY-2026,GOVPARTYNM-26-D,17781069937970314001472355582427331102577624490515546410398313363226785264562,Will the Democratic party win the governorship in New Mexico,Will the Democratic party win the governorship in New Mexico,,Will the Democrats win the New Mexico governor race in 2026?,,"['Yes', 'No']",OK
BWR-GOP-WIN-GOV_NY-CERTIFIED-ANY-2026,GOVPARTYNY-26-R,108106288970534575307495623455701128869187166289634633189375113923142364674394,Will the Republican party win the governorship in New York,Will the Republican party win the governorship in New York,,Will the Republicans win the New York governor race in 2026?,,"['Yes', 'No']",OK
BWR-GOP-WIN-GOV_OH-CERTIFIED-ANY-2026,GOVPARTYOH-26-R,3104629708171062356498135654472461762731791851667035051301931240755518332250,Will the Republican party win the governorship in Ohio,Will the Republican party win the governorship in Ohio,,Will the Republicans win the Ohio governor race in 2026?,,"['Yes', 'No']",OK
BWR-DEM-WIN-GOV_OH-CERTIFIED-ANY-2026,GOVPARTYOH-26-D,63255709540320761353971859526848930870803944190764324681913735372035438815215,Will the Democratic party win the governorship in Ohio,Will the Democratic party win the governorship in Ohio,,Will the Democrats win the Ohio governor race in 2026?,,"['Yes', 'No']",OK
BWR-DEM-WIN-GOV_OK-CERTIFIED-ANY-2026,GOVPARTYOK-26-D,37700214927702560862325287464231700075479667077774217635210792305464305010407,Will the Democratic party win the governorship in Oklahoma,Will the Democratic party win the governorship in Oklahoma,,Will the Democrats win the Oklahoma governor race in 2026?,,"['Yes', 'No']",OK
BWR-GOP-WIN-GOV_OR-CERTIFIED-ANY-2026,GOVPARTYOR-26-R,60638893393471159707288518099941698438888451383700859041754575565737488871199,Will the Republican party win the governorship in Oregon,Will the Republican party win the governorship in Oregon,,Will the Republicans win the Oregon governor race in 2026?,,"['Yes', 'No']",OK
BWR-DEM-WIN-GOV_OR-CERTIFIED-ANY-2026,GOVPARTYOR-26-D,9755787435930070640870536823763281543938387827225853124824813626465365556107,Will the Democratic party win the governorship in Oregon,Will the Democratic party win the governorship in Oregon,:: Current incumbent: Tina Kotek,Will the Democrats win the Oregon governor race in 2026?,,"['Yes', 'No']",OK
BWR-GOP-WIN-GOV_RI-CERTIFIED-ANY-2026,GOVPARTYRI-26-R,102532646565376609462398061495436415751549869365588135784659237547896983513156,Will the Republican party win the governorship in Rhode Island,Will the Republican party win the governorship in Rhode Island,,Will the Republicans win the Rhode Island governor race in 2026?,,"['Yes', 'No']",OK
BWR-DEM-WIN-GOV_SC-CERTIFIED-ANY-2026,GOVPARTYSC-26-D,69673263487139231624315897585768201230841320475352635832819992690850228911127,Will the Democratic party win the governorship in South Carolina,Will the Democratic party win the governorship in South Carolina,,Will the Democrats win the South Carolina governor race in 2026?,,"['Yes', 'No']",OK
BWR-GOP-WIN-GOV_SD-CERTIFIED-ANY-2026,GOVPARTYSD-26-R,33837211479232375079024923304907620849682048653904904303440832993092201214603,Will the Republican party win the governorship in South Dakota,Will the Republican party win the governorship in South Dakota,,Will the Republicans win the South Dakota governor race in 2026?,,"['Yes', 'No']",OK
BWR-DEM-WIN-GOV_SD-CERTIFIED-ANY-2026,GOVPARTYSD-26-D,19857809653204352084235953967001149759321806996646353766198011041287290557051,Will the Democratic party win the governorship in South Dakota,Will the Democratic party win the governorship in South Dakota,,Will the Democrats win the South Dakota governor race in 2026?,,"['Yes', 'No']",OK
BWR-GOP-WIN-GOV_TN-CERTIFIED-ANY-2026,GOVPARTYTN-26-R,24326213014906491852819643583064878883456155870415421965354259617491710449915,Will the Republican party win the governorship in Tennessee,Will the Republican party win the governorship in Tennessee,,Will the Republicans win the Tennessee governor race in 2026?,,"['Yes', 'No']",OK
BWR-GOP-WIN-GOV_TX-CERTIFIED-ANY-2026,GOVPARTYTX-26-R,54743173400191373818547682740700297683169841200363505623023527116388816282328,Will the Republican party win the governorship in Texas,Will the Republican party win the governorship in Texas,:: Current incumbent: Greg Abbott,Will the Republicans win the Texas governor race in 2026?,,"['Yes', 'No']",OK
BWR-DEM-WIN-GOV_TX-CERTIFIED-ANY-2026,GOVPARTYTX-26-D,48232987449750988261789196083999659380058157021032932634331257492238853387252,Will the Democratic party win the governorship in Texas,Will the Democratic party win the governorship in Texas,,Will the Democrats win the Texas governor race in 2026?,,"['Yes', 'No']",OK
BWR-GOP-WIN-GOV_WI-CERTIFIED-ANY-2026,GOVPARTYWI-26-R,110568426700454908727813010666782278712329569099119457880819387703511785225289,Will the Republican party win the governorship in Wisconsin,Will the Republican party win the governorship in Wisconsin,,Will the Republicans win the Wisconsin governor race in 2026?,,"['Yes', 'No']",OK
BWR-DEM-WIN-GOV_WY-CERTIFIED-ANY-2026,GOVPARTYWY-26-D,27698880682601961151205903485139737259763277359865731443999905606295817799595,Will the Democratic party win the governorship in Wyoming,Will the Democratic party win the governorship in Wyoming,,Will the Democrats win the Wyoming governor race in 2026?,,"['Yes', 'No']",OK
BWR-DEM-WIN-SEN_AL-CERTIFIED-ANY-2026,SENATEAL-26-D,77232568388576878990477542833081311975859328857370439688711702313039178600550,Will Democratics win the Senate race in Alabama?,Will Democratics win the Senate race in Alabama?,::,Will the Democrats win the Alabama Senate race in 2026?,,"['Yes', 'No']",OK
BWR-GOP-WIN-SEN_AR-CERTIFIED-ANY-2026,SENATEAR-26-R,48125407658537781630126353551882211313520827583468729408685633955919030034320,Will Republicans win the Senate race in Arkansas?,Will Republicans win the Senate race in Arkansas?,:: Current incumbent: Tom Cotton,Will the Republicans win the Arkansas Senate race in 2026?,,"['Yes', 'No']",OK
BWR-DEM-WIN-SEN_CO-CERTIFIED-ANY-2026,SENATECO-26-D,68194463917260305435439145066031544476540679280823247532132832363696000101185,Will Democratics win the Senate race in Colorado?,Will Democratics win the Senate race in Colorado?,:: Current incumbent: John Hickenlooper,Will the Democrats win the Colorado Senate race in 2026?,,"['Yes', 'No']",OK
BWR-GOP-WIN-SEN_ID-CERTIFIED-ANY-2026,SENATEID-26-R,6756779810577885828704276397389282544084821591107025125954859235939281991675,Will Republicans win the Senate race in Idaho?,Will Republicans win the Senate race in Idaho?,:: Current incumbent: Jim Risch,Will the Republicans win the Idaho Senate race in 2026?,,"['Yes', 'No']",OK
BWR-DEM-WIN-SEN_IA-CERTIFIED-ANY-2026,SENATEIA-26-D,90689690530039118737607894922148077480097700217322320781526913496162509181445,Will Democratics win the Senate race in Iowa?,Will Democratics win the Senate race in Iowa?,::,Will the Democrats win the Iowa Senate race in 2026?,,"['Yes', 'No']",OK
BWR-GOP-WIN-SEN_KS-CERTIFIED-ANY-2026,SENATEKS-26-R,18131974965869813060047290511060211742274666573066200470724290584768041211203,Will Republicans win the Senate race in Kansas?,Will Republicans win the Senate race in Kansas?,:: Current incumbent: Roger Marshall,Will the Republicans win the Kansas Senate race in 2026?,,"['Yes', 'No']",OK
BWR-DEM-WIN-SEN_KS-CERTIFIED-ANY-2026,SENATEKS-26-D,75079868093228966915894372964099062660587490227046756021175661325867722540666,Will Democratics win the Senate race in Kansas?,Will Democratics win the Senate race in Kansas?,::,Will the Democrats win the Kansas Senate race in 2026?,,"['Yes', 'No']",OK
BWR-DEM-WIN-SEN_ME-CERTIFIED-ANY-2026,SENATEME-26-D,7589880081658059374445882095611024032084645048848237404312287942463647821549,Will Democratics win the Senate race in Maine?,Will Democratics win the Senate race in Maine?,::,Will the Democrats win the Maine Senate race in 2026?,,"['Yes', 'No']",OK
BWR-GOP-WIN-SEN_ME-CERTIFIED-ANY-2026,SENATEME-26-R,2142948285506077695096498341598672159464223074468931276310105532825810210121,Will Republicans win the Senate race in Maine?,Will Republicans win the Senate race in Maine?,:: Current incumbent: Susan Collins,Will the Republicans win the Maine Senate race in 2026?,,"['Yes', 'No']",OK
BWR-DEM-WIN-SEN_MI-CERTIFIED-ANY-2026,SENATEMI-26-D,71772627544132140586824126381855151743830987860593343955509593715269534710061,Will Democratics win the Senate race in Michigan?,Will Democratics win the Senate race in Michigan?,:: Retiring incumbent: Gary Peters,Will the Democrats win the Michigan Senate race in 2026?,,"['Yes', 'No']",OK
BWR-GOP-WIN-SEN_MN-CERTIFIED-ANY-2026,SENATEMN-26-R,70179930004460104520571721963263381325865077807861641105900318902168490512539,Will Republicans win the Senate race in Minnesota?,Will Republicans win the Senate race in Minnesota?,::,Will the Republicans win the Minnesota Senate race in 2026?,,"['Yes', 'No']",OK
BWR-GOP-WIN-SEN_NH-CERTIFIED-ANY-2026,SENATENH-26-R,62227089537100115269143206481757249285124282589590263790284791475153705872216,Will Republicans win the Senate race in New Hampshire?,Will Republicans win the Senate race in New Hampshire?,::,Will the Republicans win the New Hampshire Senate race in 2026?,,"['Yes', 'No']",OK
BWR-GOP-WIN-SEN_OR-CERTIFIED-ANY-2026,SENATEOR-26-R,79489800771199803792838465972773376352837733018768490302999836500381020065853,Will Republicans win the Senate race in Oregon?,Will Republicans win the Senate race in Oregon?,::,Will the Republicans win the Oregon Senate race in 2026?,,"['Yes', 'No']",OK
BWR-DEM-WIN-SEN_RI-CERTIFIED-ANY-2026,SENATERI-26-D,77004273724753899183699441849597881417275931290950171679615354396048734034984,Will Democratics win the Senate race in Rhode Island?,Will Democratics win the Senate race in Rhode Island?,:: Current incumbent: Jack Reed,Will the Democrats win the Rhode Island Senate race in 2026?,,"['Yes', 'No']",OK
BWR-DEM-WIN-SENATE_SC-CERTIFIED-ANY-2026,SENATESC-26-D,30718966535311015751929217398361750334834655110246828806892843311659716192347,Will Democratics win the Senate race in South Carolina?,Will Democratics win the Senate race in South Carolina?,::,Will the Democrats win the South Carolina Senate race in 2026?,,"['Yes', 'No']",OK
BWR-DEM-WIN-SENATE_TN-CERTIFIED-ANY-2026,SENATETN-26-D,109770398277480657132311708823042764648778271467537669934185093015733099277755,Will Democratics win the Senate race in Tennessee?,Will Democratics win the Senate race in Tennessee?,::,Will the Democrats win the Tennessee Senate race in 2026?,,"['Yes', 'No']",OK
BWR-GOP-WIN-SEN_OK-CERTIFIED-ANY-2026,SENATEOK-26-R,83554519035704522672644117478876258278018394754028161940314277335853541553559,Will Republicans win the Senate race in Oklahoma?,Will Republicans win the Senate race in Oklahoma?,:: Current incumbent: Markwayne Mullin,Will the Republicans win the Oklahoma Senate race in 2026?,,"['Yes', 'No']",OK
BWR-DEM-WIN-SEN_NE-CERTIFIED-ANY-2026,SENATENE-26-D,55269299240433422758148290868724152324629587438760275683104577693660207425448,Will Democratics win the Senate race in Nebraska?,Will Democratics win the Senate race in Nebraska?,::,Will the Democrats win the Nebraska Senate race in 2026?,,"['Yes', 'No']",OK
BWR-PELTOLA-WIN-SENATE_AK-CERTIFIED-ANY-2026,KXAKSENATE-26NOV03-MPEL,72139607190315861034411702195742538105117960260100800877125381826122747504258,Will Mary Peltola win the 2026 Alaska Senate race?,Will Mary Peltola win the 2026 Alaska Senate race?,:: Democratic,Will Mary Peltola win the Alaska Senate race in 2026?,,"['Yes', 'No']",OK
BWR-BISHOP-WIN-GOV_AK-CERTIFIED-ANY-2026,KXGOVAK-26-CBIS,39154002125405197763794707136923968604358387984246909531145654626829957893230,Who will win the governorship in Alaska?,Who will win the governorship in Alaska?,:: Republican,Will Click Bishop win the 2026 Alaska governor election?,,"['Yes', 'No']",OK
BWR-TAYLOR-WIN-GOV_AK-CERTIFIED-ANY-2026,KXGOVAK-26-TTAY,93969985011170776056000925561172416309286101442856109696106983204369499012978,Who will win the governorship in Alaska?,Who will win the governorship in Alaska?,:: Republican,Will Treg Taylor win the 2026 Alaska governor election?,,"['Yes', 'No']",OK
BWR-MURKOWSKI-WIN-GOV_AK-CERTIFIED-ANY-2026,KXGOVAK-26-LMUR,27870085196735337387089467371194098802406160667325183183674887905666301487196,Who will win the governorship in Alaska?,Who will win the governorship in Alaska?,:: Republican,Will Lisa Murkowski win the 2026 Alaska governor election?,,"['Yes', 'No']",OK
BWR-BRONSON-WIN-GOV_AK-CERTIFIED-ANY-2026,KXGOVAK-26-DBRO,23047817297095829703205789623007814925017477005361786493221231421140774736099,Who will win the governorship in Alaska?,Who will win the governorship in Alaska?,:: Republican,Will David Bronson win the 2026 Alaska governor election?,,"['Yes', 'No']",OK
BWR-HEILALA-WIN-GOV_AK-CERTIFIED-ANY-2026,KXGOVAK-26-MHEI,41775449479665930068266329795278714167204411479685732105862933499385131340367,Who will win the governorship in Alaska?,Who will win the governorship in Alaska?,:: Republican,Will Matt Heilala win the 2026 Alaska governor election?,,"['Yes', 'No']",OK
BWR-WILSON-WIN-GOV_AK-CERTIFIED-ANY-2026,KXGOVAK-26-BWIL,64751505184958139146196081658481476813866015817972108997333100399972093820939,Who will win the governorship in Alaska?,Who will win the governorship in Alaska?,:: Republican,Will Bernadette Wilson win the 2026 Alaska governor election?,,"['Yes', 'No']",OK
BWR-BEGICH-WIN-GOV_AK-CERTIFIED-ANY-2026,KXGOVAK-26-TBEG,88923835626751439335001852098823598444201043849577093630790185644778054232354,Who will win the governorship in Alaska?,Who will win the governorship in Alaska?,:: Democratic,Will Tom Begich win the 2026 Alaska governor election?,,"['Yes', 'No']",OK
BWR-WAHLS-WIN-DEM_NOM_SEN_IA-PRIMARY-ANY-2026,KXKXSENATEIAD-26-ZWAH,114162217142661657080890602267941443730892731734150839490862446811032082650625,Wil Zach Wahls be the Democratic nominee for the Senate in Iowa?,Will Zach Wahls be the Democratic nominee for the Senate in Iowa?,,Will Zach Wahls be the Democratic nominee for Senate in Iowa?,,"['Yes', 'No']",OK
BWR-TRUMP-RUN-PRES-ANNOUNCED-ANY-2027,KXTRUMPRUN-28JAN01,73778671151221823228565204446684540625718478778373174376241975813038672662442,"Will Donald Trump announce a run for President of the United States before Jan 1, 2028?","Will Donald Trump announce a run for President of the United States before Jan 1, 2028?",,Will Donald Trump announce a presidential run before 2027?,,"['Yes', 'No']",OK
BWR-DEM-WIN-HOUSE_CA_22-CERTIFIED-ANY-2026,HOUSECA22-26-D,14880392203916951367210594044346675783187280368615720213876603794661640957466,Will Democratic win the House race for CA-22?,Will Democratic win the House race for CA-22?,::,Will the Democratic Party win the CA-22 House seat?,,"['Yes', 'No']",OK
BWR-PARKER-WIN-MAYOR_DC-CERTIFIED-ANY-2026,KXDCMAYORD-26-ZPAR,19065159831910140612703817006690590944361904716837216543027530460683227629451,Who will win the 2026 D.C. Democratic Mayoral Primary?,Who will win the 2026 D.C. Democratic Mayoral Primary?,,Will Zachary Parker win the 2026 Democratic D.C. Mayoral Primary?,,"['Yes', 'No']",OK
BWR-CONLEY-WIN-DEM_NOM_NY17-PRIMARY-ANY-2026,KXNY17D-26-CCON,41628744409737886809583929395709797741578044836963629551972391969243029944953,Wil Cait Conley be the Democratic nominee for NY-17?,Will Cait Conley be the Democratic nominee for NY-17?,,Will Cait Conley be the Democratic nominee for NY-17?,,"['Yes', 'No']",OK
BWR-CH_BOOKER-WIN-DEM_NOM_SEN_KY-PRIMARY-ANY-2026,KXSENATEKYD-26-CBOO,86437843250913906751567446822811016235261044083577627174386428978870617860096,Wil Charles Booker be the Democratic nominee for the Senate in Kentucky?,Will Charles Booker be the Democratic nominee for the Senate in Kentucky?,,Will Charles Booker be the Democratic nominee for Senate in Kentucky?,,"['Yes', 'No']",OK
BWR-CAMERON-WIN-GOP_NOM_SEN_KY-PRIMARY-ANY-2026,KXSENATEKYR-26-DCAM,26461621111481770878561400105552318154671272262199110997218200849217509562730,Wil Daniel Cameron be the Republican nominee for the Senate in Kentucky?,Will Daniel Cameron be the Republican nominee for the Senate in Kentucky?,,Will Daniel Cameron be the Republican nominee for Senate in Kentucky?,,"['Yes', 'No']",OK
BWR-SC_BROWN-WIN-GOP_NOM_SEN_NH-PRIMARY-ANY-2026,KXSENATENHR-26-SB,27028680342024393483714279597883711390072562319514614839345830331983627328733,Wil Scott Brown be the Republican nominee for the Senate in New Hampshire?,Will Scott Brown be the Republican nominee for the Senate in New Hampshire?,,Will Scott Brown be the Republican nominee for Senate in New Hampshire?,,"['Yes', 'No']",OK
BWR-DEM-WIN-HOUSE_IL_17-CERTIFIED-ANY-2026,HOUSEIL17-26-D,26171734240618645516324503767249447123367690718138779413343534699327358751805,Will a Democrat win the House race for IL-17?,Will a Democrat win the House race for IL-17?,:: Current incumbent: Eric Sorensen,Will the Democratic Party win the IL-17 House seat?,,"['Yes', 'No']",OK
BWR-GOP-WIN-HOUSE_IN01-CERTIFIED-ANY-2026,HOUSEIN1-26-R,22030065740164700928038468784540592655625559910021860526489310133305636885909,Will a Republican win the House race for IN-1?,Will a Republican win the House race for IN-1?,,Will the Republican Party win the IN-01 House seat?,,"['Yes', 'No']",OK
BWR-DEM-WIN-HOUSE_NC_11-CERTIFIED-ANY-2026,KXHOUSENC11-26-DEM,26725090567941494839753555432942030379400825958244897490974743127556962267884,Will Democratic win the House race for NC-11?,Will Democratic win the House race for NC-11?,::,Will the Democratic Party win the NC-11 House seat?,,"['Yes', 'No']",OK
BWR-GOP-WIN-HOUSE_OH09-CERTIFIED-ANY-2026,HOUSEOH9-26-R,1392410276241558895170046711665006919836562823224803680698795928242417982735,Will Republican win the House race for OH-9?,Will Republican win the House race for OH-9?,::,Will the Republican Party win the OH-09 House seat?,,"['Yes', 'No']",OK
BWR-GOP-WIN-HOUSE_OH13-CERTIFIED-ANY-2026,HOUSEOH13-26-R,76419687999676909141959965537125542123428095649759940585169549698779656868744,Will Republican win the House race for OH-13?,Will Republican win the House race for OH-13?,::,Will the Republican Party win the OH-13 House seat?,,"['Yes', 'No']",OK
BWR-GOP-WIN-HOUSE_TX15-CERTIFIED-ANY-2026,HOUSETX15-26-R,288881405005644701938669382130096221659404307173045178355284864479406728774,Will Republican win the House race for TX-15?,Will Republican win the House race for TX-15?,:: Current incumbent: Monica De La Cruz,Will the Republican Party win the TX-15 House seat?,,"['Yes', 'No']",OK
BWR-DEM-WIN-HOUSE_TX18-CERTIFIED-ANY-2026,KXHOUSERACE-TX18-26-D,99966949924222162720507977278878437898310303746351043945839836426130741910535,Will Democratic win the House race for TX-18?,Will Democratic win the House race for TX-18?,::,Will the Democratic Party win the TX-18 House seat?,,"['Yes', 'No']",OK
BWR-GOP-WIN-HOUSE_TX34-CERTIFIED-ANY-2026,HOUSETX34-26-R,69431332427221929906617558332858599082956409597109125750789238381415231660741,Will Republican win the House race for TX-34?,Will Republican win the House race for TX-34?,::,Will the Republican Party win the TX-34 House seat?,,"['Yes', 'No']",OK
BWR-GOP-WIN-HOUSE_TX35-CERTIFIED-ANY-2026,KXHOUSETX35-26-R,96980372047003520505526503615842060406979095885695228562228782836801789185916,Will Republican win the House race for TX-35?,Will Republican win the House race for TX-35?,::,Will the Republican Party win the TX-35 House seat?,,"['Yes', 'No']",OK
BWR-GOP-WIN-HOUSE_UT03-CERTIFIED-ANY-2026,KXHOUSEUT03-26-R,3923148870870111011261789760917417463979550486151578613478490898499891475496,Will Republican win the House race for UT-03?,Will Republican win the House race for UT-03?,:: Mike Kennedy,Will the Republican Party win the UT-03 House seat?,,"['Yes', 'No']",OK
BWR-ROGERS-WIN-SEN_MI-CERTIFIED-ANY-2026,KXSENATEMIR-26-MROG,323083107744325207760847128031561112869003040716978570721090282782745276743,Wil Mike Rogers be the Republican nominee for the Senate in Michigan?,Will Mike Rogers be the Republican nominee for the Senate in Michigan?,,Will Mike Rogers win the Republican Primary for U.S. Senate in Michigan?,,"['Yes', 'No']",OK
BWR-GOP-WIN-HOUSE_CA17-CERTIFIED-ANY-2026,KXHOUSERACE-CA17-26-R,31716558951764367817603701750430875409552385403445590084030710604263053895732,Will Republican win the House race for CA-17?,Will Republican win the House race for CA-17?,::,Will the Republican Party win the CA-17 House seat?,,"['Yes', 'No']",OK
BWR-DEM-WIN-HOUSE_AK_AL-CERTIFIED-ANY-2026,HOUSEAKAL-26-D,106387119478622283441026286722849456868957395499329392203969838246317853715637,Will Democratic win the House race for AK-AL?,Will Democratic win the House race for AK-AL?,::,Will the Democratic Party win the AK-AL House seat?,,"['Yes', 'No']",OK
BWR-GOP-WIN-HOUSE_AR04-CERTIFIED-ANY-2026,KXHOUSERACE-AR04-26-R,110260830882991092144633307502150803745905837491299682969153292964467579292018,Will Republican win the House race for AR-04?,Will Republican win the House race for AR-04?,::,Will the Republican Party win the AR-04 House seat?,,"['Yes', 'No']",OK
BWR-DEM-WIN-HOUSE_AZ07-CERTIFIED-ANY-2026,KXHOUSERACE-AZ07-26-D,92646414065886565511169479020381656221756342368379082974596916524851406326084,Will Democratic win the House race for AZ-07?,Will Democratic win the House race for AZ-07?,::,Will the Democratic Party win the AZ-07 House seat?,,"['Yes', 'No']",OK
BWR-DEM-WIN-HOUSE_CA07-CERTIFIED-ANY-2026,KXHOUSERACE-CA07-26-D,112581642947232908713634267771233638417957400235533796740673401241097650696737,Will Democratic win the House race for CA-07?,Will Democratic win the House race for CA-07?,::,Will the Democratic Party win the CA-07 House seat?,,"['Yes', 'No']",OK
BWR-GOP-WIN-HOUSE_CA11-CERTIFIED-ANY-2026,KXHOUSERACE-CA11-26-R,55041019516151972530389030667526540644897041416557870078518647689170714451932,Will Republican win the House race for CA-11?,Will Republican win the House race for CA-11?,::,Will the Republican Party win the CA-11 House seat?,,"['Yes', 'No']",OK
BWR-GOP-WIN-HOUSE_CA19-CERTIFIED-ANY-2026,KXHOUSERACE-CA19-26-R,45737222408527676290848253906005199140480244677586869272003090968468861765619,Will Republican win the House race for CA-19?,Will Republican win the House race for CA-19?,::,Will the Republican Party win the CA-19 House seat?,,"['Yes', 'No']",OK
BWR-DEM-WIN-HOUSE_CA_21-CERTIFIED-ANY-2026,HOUSECA21-26-D,9839394132167490569494811921928425917610245224143989073663541732846436833998,Will a Democrat win the House race for CA-21?,Will a Democrat win the House race for CA-21?,:: Current incumbent: Jim Costa,Will the Democratic Party win the CA-21 House seat?,,"['Yes', 'No']",OK
BWR-DEM-WIN-HOUSE_CA33-CERTIFIED-ANY-2026,KXHOUSERACE-CA33-26-D,90218640894801286056699580976373890351978277299544759889402066126599593735696,Will Democratic win the House race for CA-33?,Will Democratic win the House race for CA-33?,::,Will the Democratic Party win the CA-33 House seat?,,"['Yes', 'No']",OK
BWR-GOP-WIN-HOUSE_CA35-CERTIFIED-ANY-2026,KXHOUSERACE-CA35-26-R,3284653226570637857998196480251716800749279338836255788397084171503787596925,Will Republican win the House race for CA-35?,Will Republican win the House race for CA-35?,::,Will the Republican Party win the CA-35 House seat?,,"['Yes', 'No']",OK
BWR-DEM-WIN-HOUSE_CA_41-CERTIFIED-ANY-2026,HOUSECA41-26-D,48593915301513824754675795036918399098342443342199462614665200546792921742958,Will Democratic win the House race for CA-41?,Will Democratic win the House race for CA-41?,,Will the Democratic Party win the CA-41 House seat?,,"['Yes', 'No']",OK
BWR-GOP-WIN-HOUSE_CA42-CERTIFIED-ANY-2026,KXHOUSERACE-CA42-26-R,82625501224153351263283448093736423421388379381044219319023710722505269708056,Will Republican win the House race for CA-42?,Will Republican win the House race for CA-42?,::,Will the Republican Party win the CA-42 House seat?,,"['Yes', 'No']",OK
BWR-GOP-WIN-HOUSE_CA_45-CERTIFIED-ANY-2026,HOUSECA45-26-R,92389549246835627050555501183327472541904665564756518597843287824458690444144,Will Republican win the House race for CA-45?,Will Republican win the House race for CA-45?,::,Will the Republican Party win the CA-45 House seat?,,"['Yes', 'No']",OK
BWR-DEM-WIN-HOUSE_CA_47-CERTIFIED-ANY-2026,HOUSECA47-26-D,23550083646669959729728201378229661225715650257894963073625400004845620304219,Will Democratic win the House race for CA-47?,Will Democratic win the House race for CA-47?,:: Current incumbent: Dave Min,Will the Democratic Party win the CA-47 House seat?,,"['Yes', 'No']",OK
BWR-GOP-WIN-HOUSE_DE_AL-CERTIFIED-ANY-2026,KXHOUSERACE-DEAL-26-R,84375248448952157829305563096888387397309646158564825254960077581421213225020,Will Republican win the House race for DE-AL?,Will Republican win the House race for DE-AL?,::,Will the Republican Party win the DE-AL House seat?,,"['Yes', 'No']",OK
BWR-GOP-WIN-HOUSE_FL02-CERTIFIED-ANY-2026,KXHOUSERACE-FL02-26-R,54702326895469204251772029072335229338384845206963136614108005629884908128243,Will Republican win the House race for FL-02?,Will Republican win the House race for FL-02?,::,Will the Republican Party win the FL-02 House seat?,,"['Yes', 'No']",OK
BWR-GOP-WIN-HOUSE_FL04-CERTIFIED-ANY-2026,KXHOUSERACE-FL04-26-R,23596369499779152397891425859484409991842806532061356717884745743527936130199,Will Republican win the House race for FL-04?,Will Republican win the House race for FL-04?,::,Will the Republican Party win the FL-04 House seat?,,"['Yes', 'No']",OK
BWR-GOP-WIN-HOUSE_FL21-CERTIFIED-ANY-2026,KXHOUSERACE-FL21-26-R,7460473200203500049888783719604614089184190030851720364867764732498211690017,Will Republican win the House race for FL-21?,Will Republican win the House race for FL-21?,::,Will the Republican Party win the FL-21 House seat?,,"['Yes', 'No']",OK
BWR-DEM-WIN-HOUSE_FL21-CERTIFIED-ANY-2026,KXHOUSERACE-FL21-26-D,52289278658852357070074055114030917175362909425778773997096870068440775068459,Will Democratic win the House race for FL-21?,Will Democratic win the House race for FL-21?,::,Will the Democratic Party win the FL-21 House seat?,,"['Yes', 'No']",OK
BWR-DEM-WIN-HOUSE_GA-02-CERTIFIED-ANY-2026,KXHOUSERACE-GA02-26-D,19606361507228583496697532968311671202824580545845457919639287792278838929378,Will Democratic win the House race for GA-02?,Will Democratic win the House race for GA-02?,::,Will the Democratic Party win the GA-02 House seat?,,"['Yes', 'No']",OK
BWR-GOP-WIN-HOUSE_GA07-CERTIFIED-ANY-2026,KXHOUSERACE-GA07-26-R,40175477873205534291803272100440407729292650174524862584432986239438169710120,Will Republican win the House race for GA-07?,Will Republican win the House race for GA-07?,::,Will the Republican Party win the GA-07 House seat?,,"['Yes', 'No']",OK
BWR-DEM-WIN-HOUSE_GA-08-CERTIFIED-ANY-2026,KXHOUSERACE-GA08-26-D,84512697678880016659809590801410913107082508653974839272171655909541653911848,Will Democratic win the House race for GA-08?,Will Democratic win the House race for GA-08?,::,Will the Democratic Party win the GA-08 House seat?,,"['Yes', 'No']",OK
BWR-GOP-WIN-HOUSE_GA-08-CERTIFIED-ANY-2026,KXHOUSERACE-GA08-26-R,68120110448009989031065656822264193272426561846801844676568969344361398551648,Will Republican win the House race for GA-08?,Will Republican win the House race for GA-08?,::,Will the Republican Party win the GA-08 House seat?,,"['Yes', 'No']",OK
BWR-GOP-WIN-HOUSE_GA-09-CERTIFIED-ANY-2026,KXHOUSERACE-GA09-26-R,12199032496315355748891477105973308318467279884251275343020306936405585236867,Will Republican win the House race for GA-09?,Will Republican win the House race for GA-09?,::,Will the Republican Party win the GA-09 House seat?,,"['Yes', 'No']",OK
BWR-DEM-WIN-HOUSE_GA-10-CERTIFIED-ANY-2026,KXHOUSERACE-GA10-26-D,3069082072424376420602972750714063717515043084952472325881397719685109187500,Will Democratic win the House race for GA-10?,Will Democratic win the House race for GA-10?,::,Will the Democratic Party win the GA-10 House seat?,,"['Yes', 'No']",OK
BWR-DEM-WIN-HOUSE_GA-11-CERTIFIED-ANY-2026,KXHOUSERACE-GA11-26-D,72900022567886343853178791815126963203359299208775840478222238101389988850285,Will Democratic win the House race for GA-11?,Will Democratic win the House race for GA-11?,::,Will the Democratic Party win the GA-11 House seat?,,"['Yes', 'No']",OK
BWR-GOP-WIN-HOUSE_GA-12-CERTIFIED-ANY-2026,KXHOUSERACE-GA12-26-R,101804221129923221311468014764974740374334424163195744719593146528253694482543,Will Republican win the House race for GA-12?,Will Republican win the House race for GA-12?,::,Will the Republican Party win the GA-12 House seat?,,"['Yes', 'No']",OK
BWR-DEM-WIN-HOUSE_GA-13-CERTIFIED-ANY-2026,KXHOUSERACE-GA13-26-D,92366745958982953364146635159406186196503900280465649334522612642814735137916,Will Democratic win the House race for GA-13?,Will Democratic win the House race for GA-13?,::,Will the Democratic Party win the GA-13 House seat?,,"['Yes', 'No']",OK
BWR-DEM-WIN-HOUSE_IL-02-CERTIFIED-ANY-2026,KXHOUSERACE-IL02-26-D,107874773578875831519191855617905237640705922097459348930368867237115606461113,Will Democratic win the House race for IL-02?,Will Democratic win the House race for IL-02?,::,Will the Democratic Party win the IL-02 House seat?,,"['Yes', 'No']",OK
BWR-GOP-WIN-HOUSE_IL-06-CERTIFIED-ANY-2026,KXHOUSERACE-IL06-26-R,28890452578537113242497414254007232902488279702425209946544889778722785875772,Will Republican win the House race for IL-06?,Will Republican win the House race for IL-06?,::,Will the Republican Party win the IL-06 House seat?,,"['Yes', 'No']",OK
BWR-GOP-WIN-HOUSE_IL16-CERTIFIED-ANY-2026,KXHOUSERACE-IL16-26-R,101157075147511097853940742010795157466595622255474293929156218032196347777187,Will Republican win the House race for IL-16?,Will Republican win the House race for IL-16?,::,Will the Republican Party win the IL-16 House seat?,,"['Yes', 'No']",OK
BWR-GOP-WIN-HOUSE_IN08-CERTIFIED-ANY-2026,KXHOUSERACE-IN08-26-R,83388939929131108336260751638688657812004759539209873062054138374244861962518,Will Republican win the House race for IN-08?,Will Republican win the House race for IN-08?,::,Will the Republican Party win the IN-08 House seat?,,"['Yes', 'No']",OK
BWR-GOP-WIN-HOUSE_KS01-CERTIFIED-ANY-2026,KXHOUSERACE-KS01-26-R,89294124183402626957238695801193055654720813412868177081309936389936344950473,Will Republican win the House race for KS-01?,Will Republican win the House race for KS-01?,::,Will the Republican Party win the KS-01 House seat?,,"['Yes', 'No']",OK
BWR-GOP-WIN-HOUSE_KY03-CERTIFIED-ANY-2026,KXHOUSERACE-KY03-26-R,17534329177760543836108056018207366389963148966130633139116315928296299849346,Will Republican win the House race for KY-03?,Will Republican win the House race for KY-03?,::,Will the Republican Party win the KY-03 House seat?,,"['Yes', 'No']",OK
BWR-DEM-WIN-HOUSE_KY03-CERTIFIED-ANY-2026,KXHOUSERACE-KY03-26-D,50591339736475770518294199587652146939953189671285507981419322365453510581727,Will Democratic win the House race for KY-03?,Will Democratic win the House race for KY-03?,::,Will the Democratic Party win the KY-03 House seat?,,"['Yes', 'No']",OK
BWR-DEM-WIN-HOUSE_KY04-CERTIFIED-ANY-2026,KXHOUSERACE-KY04-26-D,42051548638421204218374584975934315188715230248988738148555343950810939155465,Will Democratic win the House race for KY-04?,Will Democratic win the House race for KY-04?,::,Will the Democratic Party win the KY-04 House seat?,,"['Yes', 'No']",OK
BWR-GOP-WIN-HOUSE_KY05-CERTIFIED-ANY-2026,KXHOUSERACE-KY05-26-R,52484774734621682181864213485431302011655575694089921306871127190172004160320,Will Republican win the House race for KY-05?,Will Republican win the House race for KY-05?,::,Will the Republican Party win the KY-05 House seat?,,"['Yes', 'No']",OK
BWR-GOP-WIN-HOUSE_LA03-CERTIFIED-ANY-2026,KXHOUSERACE-LA03-26-R,46559339962892824606274258797447077966167957024115671040417650347842938163695,Will Republican win the House race for LA-03?,Will Republican win the House race for LA-03?,::,Will the Republican Party win the LA-03 House seat?,,"['Yes', 'No']",OK
BWR-DEM-WIN-HOUSE_LA04-CERTIFIED-ANY-2026,KXHOUSERACE-LA04-26-D,51535851194395779047138541676153087184313347583915702209724951204467090617227,Will Democratic win the House race for LA-04?,Will Democratic win the House race for LA-04?,::,Will the Democratic Party win the LA-04 House seat?,,"['Yes', 'No']",OK
BWR-GOP-WIN-HOUSE_LA05-CERTIFIED-ANY-2026,KXHOUSERACE-LA05-26-R,9955638384017424271469919771014656710534847362374264075493263668768212521280,Will Republican win the House race for LA-05?,Will Republican win the House race for LA-05?,::,Will the Republican Party win the LA-05 House seat?,,"['Yes', 'No']",OK
BWR-GOP-WIN-HOUSE_MD01-CERTIFIED-ANY-2026,KXHOUSERACE-MD01-26-R,44318993109276342726529093057399342266916080178436087782115277745624623516970,Will Republican win the House race for MD-01?,Will Republican win the House race for MD-01?,::,Will the Republican Party win the MD-01 House seat?,,"['Yes', 'No']",OK
BWR-DEM-WIN-HOUSE_MD02-CERTIFIED-ANY-2026,KXHOUSERACE-MD02-26-D,53103196534956788063389746567749006622484562321611427912527055111548589493172,Will Democratic win the House race for MD-02?,Will Democratic win the House race for MD-02?,::,Will the Democratic Party win the MD-02 House seat?,,"['Yes', 'No']",OK
BWR-GOP-WIN-HOUSE_MD04-CERTIFIED-ANY-2026,KXHOUSERACE-MD04-26-R,112293027029934013424926753242806823049661563194221931969519694898533434474377,Will Republican win the House race for MD-04?,Will Republican win the House race for MD-04?,::,Will the Republican Party win the MD-04 House seat?,,"['Yes', 'No']",OK
BWR-DEM-WIN-HOUSE_MD04-CERTIFIED-ANY-2026,KXHOUSERACE-MD04-26-D,42124702426066395033977437731253928118319135974151509667004296743305181373302,Will Democratic win the House race for MD-04?,Will Democratic win the House race for MD-04?,::,Will the Democratic Party win the MD-04 House seat?,,"['Yes', 'No']",OK
BWR-GOP-WIN-HOUSE_MS01-CERTIFIED-ANY-2026,KXHOUSERACE-MS01-26-R,92647346316992751676627164095119824299317050597835904818990188130382378401349,Will Republican win the House race for MS-01?,Will Republican win the House race for MS-01?,::,Will the Republican Party win the MS-01 House seat?,,"['Yes', 'No']",OK
BWR-DEM-WIN-HOUSE_NC03-CERTIFIED-ANY-2026,KXHOUSERACE-NC03-26-D,35652027990529722940871226835745538038129467293726461013865152464520199065964,Will Democratic win the House race for NC-03?,Will Democratic win the House race for NC-03?,::,Will the Democratic Party win the NC-03 House seat?,,"['Yes', 'No']",OK
BWR-DEM-WIN-HOUSE_NC04-CERTIFIED-ANY-2026,KXHOUSERACE-NC04-26-D,80348145141998769103612399257374595121826988307658463327414883406718290605626,Will Democratic win the House race for NC-04?,Will Democratic win the House race for NC-04?,::,Will the Democratic Party win the NC-04 House seat?,,"['Yes', 'No']",OK
BWR-GOP-WIN-HOUSE_NC05-CERTIFIED-ANY-2026,KXHOUSERACE-NC05-26-R,9706649298892279116283135286098440170027309524180157993045165975148563290345,Will Republican win the House race for NC-05?,Will Republican win the House race for NC-05?,::,Will the Republican Party win the NC-05 House seat?,,"['Yes', 'No']",OK
BWR-GOP-WIN-HOUSE_NC06-CERTIFIED-ANY-2026,KXHOUSERACE-NC06-26-R,110248383649282035723587516659176804306429506602301677654400204028843553475305,Will Republican win the House race for NC-06?,Will Republican win the House race for NC-06?,::,Will the Republican Party win the NC-06 House seat?,,"['Yes', 'No']",OK
BWR-GOP-WIN-HOUSE_NC08-CERTIFIED-ANY-2026,KXHOUSERACE-NC08-26-R,13109396291948652510746958612522514006218447920213086120935927680954617715010,Will Republican win the House race for NC-08?,Will Republican win the House race for NC-08?,::,Will the Republican Party win the NC-08 House seat?,,"['Yes', 'No']",OK
BWR-DEM-WIN-HOUSE_NC08-CERTIFIED-ANY-2026,KXHOUSERACE-NC08-26-D,41010016188400602482989788571991372330446713911761481656058699042793990976218,Will Democratic win the House race for NC-08?,Will Democratic win the House race for NC-08?,::,Will the Democratic Party win the NC-08 House seat?,,"['Yes', 'No']",OK
BWR-GOP-WIN-HOUSE_NC12-CERTIFIED-ANY-2026,KXHOUSERACE-NC12-26-R,92876696786310092402106709250838266306626393198259162010596802528888357172007,Will Republican win the House race for NC-12?,Will Republican win the House race for NC-12?,::,Will the Republican Party win the NC-12 House seat?,,"['Yes', 'No']",OK
BWR-DEM-WIN-HOUSE_NC13-CERTIFIED-ANY-2026,KXHOUSERACE-NC13-26-D,43573811958134755182642947255911309025499769388110668035346945826380129761955,Will Democratic win the House race for NC-13?,Will Democratic win the House race for NC-13?,::,Will the Democratic Party win the NC-13 House seat?,,"['Yes', 'No']",OK
BWR-GOP-WIN-HOUSE_NE03-CERTIFIED-ANY-2026,KXHOUSERACE-NE03-26-R,91300017102252744648942921538936973840299076121429315651396774465959092826144,Will Republican win the House race for NE-03?,Will Republican win the House race for NE-03?,::,Will the Republican Party win the NE-03 House seat?,,"['Yes', 'No']",OK
BWR-DEM-WIN-HOUSE_NJ10-CERTIFIED-ANY-2026,KXHOUSERACE-NJ10-26-D,102565258386966729991270568897193366739897983377313658805012297475758211587189,Will Democratic win the House race for NJ-10?,Will Democratic win the House race for NJ-10?,::,Will the Democratic Party win the NJ-10 House seat?,,"['Yes', 'No']",OK
BWR-DEM-WIN-HOUSE_NJ11-CERTIFIED-ANY-2026,KXHOUSERACE-NJ11-26-D,8203496487895395101092728675348756016602375095204571513049982169355113137870,Will Democratic win the House race for NJ-11?,Will Democratic win the House race for NJ-11?,::,Will the Democratic Party win the NJ-11 House seat?,,"['Yes', 'No']",OK
BWR-GOP-WIN-HOUSE_NJ11-CERTIFIED-ANY-2026,KXHOUSENJ11SPECIAL-26-GOP,57185750121735069758159401731615828838115070091354734184263829382916542229865,Will the Republican party win the special election for NJ-11?,Will the Republican party win the special election for NJ-11?,:: Republican,Will the Republican Party win the NJ-11 House seat?,,"['Yes', 'No']",OK
BWR-DEM-WIN-HOUSE_NJ12-CERTIFIED-ANY-2026,KXHOUSERACE-NJ12-26-D,58000982583426728440915996215221700481980011336202402650943195558769098868507,Will Democratic win the House race for NJ-12?,Will Democratic win the House race for NJ-12?,::,Will the Democratic Party win the NJ-12 House seat?,,"['Yes', 'No']",OK
BWR-GOP-WIN-HOUSE_NM01-CERTIFIED-ANY-2026,KXHOUSERACE-NM01-26-R,79375297406693186586972606449423536722162631962849208873011542778923457725926,Will Republican win the House race for NM-01?,Will Republican win the House race for NM-01?,::,Will the Republican Party win the NM-01 House seat?,,"['Yes', 'No']",OK
BWR-GOP-WIN-HOUSE_NM03-CERTIFIED-ANY-2026,KXHOUSERACE-NM03-26-R,89654933621345833305483667190832583160360088554140500156118938848663728671323,Will Republican win the House race for NM-03?,Will Republican win the House race for NM-03?,::,Will the Republican Party win the NM-03 House seat?,,"['Yes', 'No']",OK
BWR-DEM-WIN-HOUSE_NY01-CERTIFIED-ANY-2026,KXHOUSERACE-NY01-26-D,1309236961796814213282116190073921143698457854457840407101156157351932472760,Will Democratic win the House race for NY-01?,Will Democratic win the House race for NY-01?,::,Will the Democratic Party win the NY-01 House seat?,,"['Yes', 'No']",OK
BWR-GOP-WIN-HOUSE_NY06-CERTIFIED-ANY-2026,KXHOUSERACE-NY06-26-R,111622142832993540288458237210573735420461045743716748494816501243310105198316,Will Republican win the House race for NY-06?,Will Republican win the House race for NY-06?,::,Will the Republican Party win the NY-06 House seat?,,"['Yes', 'No']",OK
BWR-DEM-WIN-HOUSE_NY_13-CERTIFIED-ANY-2026,KXHOUSERACE-NY13-26-D,58170582826434624369183137827470621458750832571934268895241793899476487858088,Will Democratic win the House race for NY-13?,Will Democratic win the House race for NY-13?,::,Will the Democratic Party win the NY-13 House seat?,,"['Yes', 'No']",OK
BWR-DEM-WIN-HOUSE_NY_14-CERTIFIED-ANY-2026,KXHOUSERACE-NY14-26-D,60184504732688009332631725133201362898079146778066892362685254734638222321040,Will Democratic win the House race for NY-14?,Will Democratic win the House race for NY-14?,::,Will the Democratic Party win the NY-14 House seat?,,"['Yes', 'No']",OK
BWR-GOP-WIN-HOUSE_NY_14-CERTIFIED-ANY-2026,KXHOUSERACE-NY14-26-R,95600367925137017171150526164271722461980653422420437201293541800270186240768,Will Republican win the House race for NY-14?,Will Republican win the House race for NY-14?,::,Will the Republican Party win the NY-14 House seat?,,"['Yes', 'No']",OK
BWR-DEM-WIN-HOUSE_OH_03-CERTIFIED-ANY-2026,KXHOUSERACE-OH03-26-D,31818167637638201764630213199854563023139344993434470946616864025870547654076,Will Democratic win the House race for OH-03?,Will Democratic win the House race for OH-03?,::,Will the Democratic Party win the OH-03 House seat?,,"['Yes', 'No']",OK
BWR-GOP-WIN-HOUSE_OH_04-CERTIFIED-ANY-2026,KXHOUSERACE-OH04-26-R,55969489902519267676459011149125086437399062814654890223595749189443669344672,Will Republican win the House race for OH-04?,Will Republican win the House race for OH-04?,::,Will the Republican Party win the OH-04 House seat?,,"['Yes', 'No']",OK
BWR-DEM-WIN-HOUSE_OH_04-CERTIFIED-ANY-2026,KXHOUSERACE-OH04-26-D,33753985272393289985995851488505080256680491918964035823089182986480417194364,Will Democratic win the House race for OH-04?,Will Democratic win the House race for OH-04?,::,Will the Democratic Party win the OH-04 House seat?,,"['Yes', 'No']",OK
BWR-GOP-WIN-HOUSE_OH_05-CERTIFIED-ANY-2026,KXHOUSERACE-OH05-26-R,90548730335693316560617616081348165677380076132933269105553637807854203109889,Will Republican win the House race for OH-05?,Will Republican win the House race for OH-05?,::,Will the Republican Party win the OH-05 House seat?,,"['Yes', 'No']",OK
BWR-GOP-WIN-HOUSE_OH_06-CERTIFIED-ANY-2026,KXHOUSERACE-OH06-26-R,71427704517609090679425179898220456235245202818919683642189639419917313283571,Will Republican win the House race for OH-06?,Will Republican win the House race for OH-06?,::,Will the Republican Party win the OH-06 House seat?,,"['Yes', 'No']",OK
BWR-GOP-WIN-HOUSE_OH_08-CERTIFIED-ANY-2026,KXHOUSERACE-OH08-26-R,42119636600548779107795725736527865045730544132731239274493597253506213729505,Will Republican win the House race for OH-08?,Will Republican win the House race for OH-08?,::,Will the Republican Party win the OH-08 House seat?,,"['Yes', 'No']",OK
BWR-DEM-WIN-HOUSE_OH_08-CERTIFIED-ANY-2026,KXHOUSERACE-OH08-26-D,46964024026115347984409938830031994583095125127634160315207086942908263517995,Will Democratic win the House race for OH-08?,Will Democratic win the House race for OH-08?,::,Will the Democratic Party win the OH-08 House seat?,,"['Yes', 'No']",OK
BWR-GOP-WIN-HOUSE_OH_10-CERTIFIED-ANY-2026,KXHOUSERACE-OH10-26-R,32844269442852262534802316938044703795066196528094796332245347991652881696933,Will Republican win the House race for OH-10?,Will Republican win the House race for OH-10?,::,Will the Republican Party win the OH-10 House seat?,,"['Yes', 'No']",OK
BWR-DEM-WIN-HOUSE_OH_14-CERTIFIED-ANY-2026,KXHOUSERACE-OH14-26-D,22776018498215855873262234018751148496156750463256982486999952250281718086478,Will Democratic win the House race for OH-14?,Will Democratic win the House race for OH-14?,::,Will the Democratic Party win the OH-14 House seat?,,"['Yes', 'No']",OK
BWR-GOP-WIN-HOUSE_OH_15-CERTIFIED-ANY-2026,KXHOUSERACE-OH15-26-R,97813253986291805301845546476916155582068629376011287079676633578166768758974,Will Republican win the House race for OH-15?,Will Republican win the House race for OH-15?,::,Will the Republican Party win the OH-15 House seat?,,"['Yes', 'No']",OK
BWR-GOP-WIN-HOUSE_OK_02-CERTIFIED-ANY-2026,KXHOUSERACE-OK02-26-R,42592748220118595644622084712827962615273569841586016631867231035082439396173,Will Republican win the House race for OK-02?,Will Republican win the House race for OK-02?,::,Will the Republican Party win the OK-02 House seat?,,"['Yes', 'No']",OK
BWR-DEM-WIN-HOUSE_SC03-CERTIFIED-ANY-2026,KXHOUSERACE-SC03-26-D,10492864506067148925034491451494292078961078230197816133300727354426417896248,Will Democratic win the House race for SC-03?,Will Democratic win the House race for SC-03?,::,Will the Democratic Party win the SC-03 House seat?,,"['Yes', 'No']",OK
BWR-DEM-WIN-HOUSE_SC04-CERTIFIED-ANY-2026,KXHOUSERACE-SC04-26-D,37527237658933698356045700215026959746358379876042971070301458333221306049121,Will Democratic win the House race for SC-04?,Will Democratic win the House race for SC-04?,::,Will the Democratic Party win the SC-04 House seat?,,"['Yes', 'No']",OK
BWR-GOP-WIN-HOUSE_SC04-CERTIFIED-ANY-2026,KXHOUSERACE-SC04-26-R,15800656442960151716596973726066546399121985754970516629947605247610171375894,Will Republican win the House race for SC-04?,Will Republican win the House race for SC-04?,::,Will the Republican Party win the SC-04 House seat?,,"['Yes', 'No']",OK
BWR-DEM-WIN-HOUSE_SC05-CERTIFIED-ANY-2026,KXHOUSERACE-SC05-26-D,82878637574365125981603523437122109931677971292343890795258385537201932019290,Will Democratic win the House race for SC-05?,Will Democratic win the House race for SC-05?,::,Will the Democratic Party win the SC-05 House seat?,,"['Yes', 'No']",OK
BWR-GOP-WIN-HOUSE_SC07-CERTIFIED-ANY-2026,KXHOUSERACE-SC07-26-R,96580445079668683787368085070582364594702719841272426188104847420199646364705,Will Republican win the House race for SC-07?,Will Republican win the House race for SC-07?,::,Will the Republican Party win the SC-07 House seat?,,"['Yes', 'No']",OK
BWR-DEM-WIN-HOUSE_SC07-CERTIFIED-ANY-2026,KXHOUSERACE-SC07-26-D,66533200574784349380509162104467040229187348123731676518825142374740016683195,Will Democratic win the House race for SC-07?,Will Democratic win the House race for SC-07?,::,Will the Democratic Party win the SC-07 House seat?,,"['Yes', 'No']",OK
BWR-GOP-WIN-HOUSE_TN01-CERTIFIED-ANY-2026,KXHOUSERACE-TN01-26-R,16195838128710881237082381178558809172625382276130310980233599362132228994353,Will Republican win the House race for TN-01?,Will Republican win the House race for TN-01?,::,Will the Republican Party win the TN-01 House seat?,,"['Yes', 'No']",OK
BWR-GOP-WIN-HOUSE_TN03-CERTIFIED-ANY-2026,KXHOUSERACE-TN03-26-R,93881899298183160568225099752435845300971041672134641784714372279339713757433,Will Republican win the House race for TN-03?,Will Republican win the House race for TN-03?,::,Will the Republican Party win the TN-03 House seat?,,"['Yes', 'No']",OK
BWR-GOP-WIN-HOUSE_TN04-CERTIFIED-ANY-2026,KXHOUSERACE-TN04-26-R,89912048965400574485239055076118317440818499337399813349793326068727444685375,Will Republican win the House race for TN-04?,Will Republican win the House race for TN-04?,::,Will the Republican Party win the TN-04 House seat?,,"['Yes', 'No']",OK
BWR-GOP-WIN-HOUSE_TN07-CERTIFIED-ANY-2026,KXHOUSERACE-TN07-26-R,108435435156169780511802105123559082298215299373504251103377970956623189780379,Will Republican win the House race for TN-07?,Will Republican win the House race for TN-07?,::,Will the Republican Party win the TN-07 House seat?,,"['Yes', 'No']",OK
BWR-DEM-WIN-HOUSE_TN07-CERTIFIED-ANY-2026,KXHOUSERACE-TN07-26-D,65388880427163602882229538567622206362552800469128312771776276810183468857557,Will Democratic win the House race for TN-07?,Will Democratic win the House race for TN-07?,::,Will the Democratic Party win the TN-07 House seat?,,"['Yes', 'No']",OK
BWR-GOP-WIN-HOUSE_TX01-CERTIFIED-ANY-2026,KXHOUSERACE-TX01-26-R,79925970263561621628624491915611773703665237269523462229478806293334255185865,Will Republican win the House race for TX-01?,Will Republican win the House race for TX-01?,::,Will the Republican Party win the TX-01 House seat?,,"['Yes', 'No']",OK
BWR-GOP-WIN-HOUSE_TX06-CERTIFIED-ANY-2026,KXHOUSERACE-TX06-26-R,35261608398567039616389973621725744491134249343354691383590559293801288808916,Will Republican win the House race for TX-06?,Will Republican win the House race for TX-06?,::,Will the Republican Party win the TX-06 House seat?,,"['Yes', 'No']",OK
BWR-GOP-WIN-HOUSE_TX07-CERTIFIED-ANY-2026,KXHOUSERACE-TX07-26-R,95492588617744560296244561833394875528542106861565937270516303134458736016311,Will Republican win the House race for TX-07?,Will Republican win the House race for TX-07?,::,Will the Republican Party win the TX-07 House seat?,,"['Yes', 'No']",OK
BWR-GOP-WIN-HOUSE_TX11-CERTIFIED-ANY-2026,KXHOUSERACE-TX11-26-R,23558483536458222791414545498686556509103620164041752421285875325209401149602,Will Republican win the House race for TX-11?,Will Republican win the House race for TX-11?,::,Will the Republican Party win the TX-11 House seat?,,"['Yes', 'No']",OK
BWR-GOP-WIN-HOUSE_TX16-CERTIFIED-ANY-2026,KXHOUSERACE-TX16-26-R,35577064409063813708284419240566389413043086456734169641621246612177486250393,Will Republican win the House race for TX-16?,Will Republican win the House race for TX-16?,::,Will the Republican Party win the TX-16 House seat?,,"['Yes', 'No']",OK
BWR-GOP-WIN-HOUSE_TX26-CERTIFIED-ANY-2026,KXHOUSERACE-TX26-26-R,6313430895120244401027950861472377480960423973541524975676914054183454931999,Will Republican win the House race for TX-26?,Will Republican win the House race for TX-26?,::,Will the Republican Party win the TX-26 House seat?,,"['Yes', 'No']",OK
BWR-DEM-WIN-HOUSE_TX31-CERTIFIED-ANY-2026,KXHOUSERACE-TX31-26-D,19414224243118898738727588796572632606097679873511766779898053300187932342977,Will Democratic win the House race for TX-31?,Will Democratic win the House race for TX-31?,::,Will the Democratic Party win the TX-31 House seat?,,"['Yes', 'No']",OK
BWR-GOP-WIN-HOUSE_TX31-CERTIFIED-ANY-2026,KXHOUSERACE-TX31-26-R,111324928603828804424107098707648604143021759890404592673036598638076199443376,Will Republican win the House race for TX-31?,Will Republican win the House race for TX-31?,::,Will the Republican Party win the TX-31 House seat?,,"['Yes', 'No']",OK
BWR-GOP-WIN-HOUSE_TX36-CERTIFIED-ANY-2026,KXHOUSERACE-TX36-26-R,28447198635554099262973905217726367470243680945205937032068258346722106906223,Will Republican win the House race for TX-36?,Will Republican win the House race for TX-36?,::,Will the Republican Party win the TX-36 House seat?,,"['Yes', 'No']",OK
BWR-GOP-WIN-HOUSE_VA05-CERTIFIED-ANY-2026,KXHOUSERACE-VA05-26-R,83253007588985953900662535978265304048199216427463571583210985764316132662845,Will Republican win the House race for VA-05?,Will Republican win the House race for VA-05?,::,Will the Republican Party win the VA-05 House seat?,,"['Yes', 'No']",OK
BWR-GOP-WIN-HOUSE_VA06-CERTIFIED-ANY-2026,KXHOUSERACE-VA06-26-R,87070266205280669631033154073356032017117681486553345090644439108517821328475,Will Republican win the House race for VA-06?,Will Republican win the House race for VA-06?,::,Will the Republican Party win the VA-06 House seat?,,"['Yes', 'No']",OK
BWR-DEM-WIN-HOUSE_WI02-CERTIFIED-ANY-2026,KXHOUSERACE-WI02-26-D,67006609332740869353048805779604025557183305918983809796144502238792817534496,Will Democratic win the House race for WI-02?,Will Democratic win the House race for WI-02?,::,Will the Democratic Party win the WI-02 House seat?,,"['Yes', 'No']",OK
BWR-DEM-WIN-HOUSE_WI04-CERTIFIED-ANY-2026,KXHOUSERACE-WI04-26-D,57037062729098974416650166727488514169535242958694750344721551137413848735145,Will Democratic win the House race for WI-04?,Will Democratic win the House race for WI-04?,::,Will the Democratic Party win the WI-04 House seat?,,"['Yes', 'No']",OK
BWR-GOP-WIN-HOUSE_PA_04-CERTIFIED-ANY-2026,KXHOUSERACE-PA04-26-R,88871790889454731577782299128773617066698246220177751187887182363840265197383,Will Republican win the House race for PA-04?,Will Republican win the House race for PA-04?,::,Will the Democratic Party win the WI-05 House seat?,,"['Yes', 'No']",OK
BWR-GOP-WIN-HOUSE_WI06-CERTIFIED-ANY-2026,KXHOUSERACE-WI06-26-R,7741070577683585704352463133430103626716949314240091001063049081898297959951,Will Republican win the House race for WI-06?,Will Republican win the House race for WI-06?,::,Will the Republican Party win the WI-06 House seat?,,"['Yes', 'No']",OK
BWR-DEM-WIN-HOUSE_WI07-CERTIFIED-ANY-2026,KXHOUSERACE-WI07-26-D,94663926712554421931535260924284570215917102894188198961079038062650064148693,Will Democratic win the House race for WI-07?,Will Democratic win the House race for WI-07?,::,Will the Democratic Party win the WI-07 House seat?,,"['Yes', 'No']",OK
BWR-GOP-WIN-HOUSE_WI07-CERTIFIED-ANY-2026,KXHOUSERACE-WI07-26-R,41590487244023051861215395652387175966482169914766565313154901218097936317968,Will Republican win the House race for WI-07?,Will Republican win the House race for WI-07?,::,Will the Republican Party win the WI-07 House seat?,,"['Yes', 'No']",OK
BWR-GOP-WIN-HOUSE_WI08-CERTIFIED-ANY-2026,KXHOUSERACE-WI08-26-R,43276415950370358730847651854128514460677470973031734146599109536942266478959,Will Republican win the House race for WI-08?,Will Republican win the House race for WI-08?,::,Will the Republican Party win the WI-08 House seat?,,"['Yes', 'No']",OK
BWR-GOP-WIN-HOUSE_WV02-CERTIFIED-ANY-2026,KXHOUSERACE-WV02-26-R,91024980576486771306464625189800756549107953565540814290091073742983490536304,Will Republican win the House race for WV-02?,Will Republican win the House race for WV-02?,::,Will the Republican Party win the WV-02 House seat?,,"['Yes', 'No']",OK
BWR-GOP-WIN-HOUSE_WYAL-CERTIFIED-ANY-2026,KXHOUSERACE-WYAL-26-R,68169744186307070777878221352188445913193374514779295839873553147197667141671,Will Republican win the House race for WY-AL?,Will Republican win the House race for WY-AL?,::,Will the Republican Party win the WY-AL House seat?,,"['Yes', 'No']",OK
BWR-MDB-WIN-SENATE_BR-CERTIFIED-ANY-2026,KXBRAZILSENATE-26OCT04-MDB,27947604342706399261869707995787414909519341577130861335067519664006836817676,Will Brazilian Democratic Movement win the 2026 Brazilian Senate election?,Will Brazilian Democratic Movement win the 2026 Brazilian Senate election?,:: MDB,Will Movimento Democrático Brasileiro (MDB) win the most seats in the next Brazilian Senate election?,,"['Yes', 'No']",OK
BWR-COHEN-WIN-TN_09_DEM_PRIMARY-PRIMARY-ANY-2026,KXTNPRIMARY-09D26-SCOH,74083253837768541584150259621486631107610341583825825825440833537844111590971,Will Steve Cohen be the Democratic nominee for TN-09?,Will Steve Cohen be the Democratic nominee for TN-09?,,Will Steve Cohen be the Democratic Nominee for TN-09?,,"['Yes', 'No']",OK
BWR-NETANYAHU-LEAVE-PM_IL-ANY_MEANS-ANY-2026,KXLEADERSOUT-27JAN01-BNETISR,114694726451307654528948558967898493662917070661203465131156925998487819889437,"Will Benjamin Netanyahu leave Prime Minister of Israel before Jan 1, 2027?","Will Benjamin Netanyahu leave Prime Minister of Israel before Jan 1, 2027?",:: Prime Minister of Israel,Netanyahu out by end of 2026?,,"['Yes', 'No']",OK
BWR-MURKOWSKI-LEAVE-GOP-ANY_MEANS-ANY-2026,KXMTGSWITCH-27JAN-LMURK,86253848915417043803347953966429044020958744489116871137160098519344524547976,Will Lisa Murkowski leave the Republican?,Will Lisa Murkowski leave the Republican?,,Lisa Murkowski leaves the Republican Party in 2026?,,"['Yes', 'No']",OK
BWR-TRUMP-PARDON-MAXWELL-STD-ANY-2026,KXTRUMPPARDON-27JAN01-GMAX,703229116919803457142440034780425874346022451261358752931225117413237404457,"Will Ghislaine Maxwell receive a presidential pardon before Jan 1, 2027?","Will Ghislaine Maxwell receive a presidential pardon before Jan 1, 2027?",,Will Trump pardon Ghislaine Maxwell by end of 2026?,,"['Yes', 'No']",OK
BWR-TRUMP-VISIT-MX-PHYSICAL_PRESENCE-ANY-2026,KXTRUMPCOUNTRIES-27JAN01-MEX,2660935913959156877980210209659597107865021816700470286853937891105902736403,"Will Donald Trump visit Mexico before Jan 1, 2027?","Will Donald Trump visit Mexico before Jan 1, 2027?",,Will Donald Trump visit Mexico in 2026?,,"['Yes', 'No']",OK
BWR-TRUMP-VISIT-DE-PHYSICAL_PRESENCE-ANY-2026,KXTRUMPCOUNTRIES-27JAN01-GER,110859084351224598102665068250877030522446091794505995303397670821160821637185,"Will Donald Trump visit Germany before Jan 1, 2027?","Will Donald Trump visit Germany before Jan 1, 2027?",,Will Donald Trump visit Germany in 2026?,,"['Yes', 'No']",OK
BWR-TRUMP-VISIT-RU-PHYSICAL_PRESENCE-ANY-2026,KXTRUMPCOUNTRIES-27JAN01-RUS,112508281453536200556149529390707211810985606665838848298111320297159965804567,"Will Donald Trump visit Russia before Jan 1, 2027?","Will Donald Trump visit Russia before Jan 1, 2027?",,Will Donald Trump visit Russia in 2026?,,"['Yes', 'No']",OK
BWR-TRUMP-VISIT-UA-PHYSICAL_PRESENCE-ANY-2026,KXTRUMPCOUNTRIES-27JAN01-UKR,84657015257932668285272367496779838311818301379358465876412899156311513547704,"Will Donald Trump visit Ukraine before Jan 1, 2027?","Will Donald Trump visit Ukraine before Jan 1, 2027?",,Will Donald Trump visit Ukraine in 2026?,,"['Yes', 'No']",OK
BWR-TRUMP-VISIT-TW-PHYSICAL_PRESENCE-ANY-2026,KXTRUMPCOUNTRIES-27JAN01-TAI,109935119827597597754008718880016120913965810481393706247560065379293680289585,"Will Donald Trump visit Taiwan before Jan 1, 2027?","Will Donald Trump visit Taiwan before Jan 1, 2027?",,Will Donald Trump visit Taiwan in 2026?,,"['Yes', 'No']",OK
BWR-TRUMP-VISIT-CN-PHYSICAL_PRESENCE-ANY-2026,KXTRUMPCOUNTRIES-27JAN01-CHI,104550993782851064229827172565720784760909075708896831077155912884695122111107,"Will Donald Trump visit China before Jan 1, 2027?","Will Donald Trump visit China before Jan 1, 2027?",,Will Donald Trump visit China in 2026?,,"['Yes', 'No']",OK
BWR-TRUMP-VISIT-IT-PHYSICAL_PRESENCE-ANY-2026,KXTRUMPCOUNTRIES-27JAN01-ITA,27284392400859825331402412078091265533988427462829881988484741909722325452392,"Will Donald Trump visit Italy before Jan 1, 2027?","Will Donald Trump visit Italy before Jan 1, 2027?",,Will Donald Trump visit Italy in 2026?,,"['Yes', 'No']",OK
BWR-TRUMP-VISIT-IN-PHYSICAL_PRESENCE-ANY-2026,KXTRUMPCOUNTRIES-27JAN01-IND,47666436583621660542235285693141260997828916230294735833222876953491789450641,"Will Donald Trump visit India before Jan 1, 2027?","Will Donald Trump visit India before Jan 1, 2027?",,Will Donald Trump visit India in 2026?,,"['Yes', 'No']",OK
BWR-TRUMP-VISIT-TR-PHYSICAL_PRESENCE-ANY-2026,KXTRUMPCOUNTRIES-27JAN01-TUR,80565662128011357962455571983404475296941157466178826606369369682747118038961,"Will Donald Trump visit Turkey before Jan 1, 2027?","Will Donald Trump visit Turkey before Jan 1, 2027?",,Will Donald Trump visit Turkey in 2026?,,"['Yes', 'No']",OK
BWR-TRUMP-MEET-KIM-IN_PERSON-ANY-2026,KXTRUMPMEETING-27JAN01-NKJU,19498086334837117662313425627954796042138275594291936116717226540039067277361,"Will Donald Trump meet in person Kim Jong Un before Jan 1, 2027?","Will Donald Trump meet in person Kim Jong Un before Jan 1, 2027?",,Will Trump meet with Kim Jong Un in 2026?,,"['Yes', 'No']",OK
BWR-TRUMP-MEET-LEO_XIV-IN_PERSON-ANY-2026,KXTRUMPMEETING-27JAN01-NPXIV,65010487040936466597267185412491985361570642285166438358723811499766235473448,"Will Donald Trump meet in person Pope Leo XIV before Jan 1, 2027?","Will Donald Trump meet in person Pope Leo XIV before Jan 1, 2027?",,Will Trump meet with Pope Leo XIV in 2026?,,"['Yes', 'No']",OK
BWR-TRUMP-MEET-MADURO-IN_PERSON-ANY-2026,KXTRUMPMEETING-27JAN01-NNMAD,73782796275617615637317117880975174495040640151280258413438875217741954276388,"Will Donald Trump meet in person Nicolás Maduro before Jan 1, 2027?","Will Donald Trump meet in person Nicolás Maduro before Jan 1, 2027?",,Will Trump meet with Nicolás Maduro in 2026?,,"['Yes', 'No']",OK
BWR-TRUMP-VISIT-AZ-PHYSICAL_PRESENCE-ANY-2026,KXTRUMPSTATES-27JAN01-AZ,89982087722212365752419857329945613392396823855468319304197202145358138341194,"Will Donald Trump visit Arizona before Jan 1, 2027?","Will Donald Trump visit Arizona before Jan 1, 2027?",,Will Donald Trump visit Arizona in 2026?,,"['Yes', 'No']",OK
BWR-TRUMP-VISIT-HI-PHYSICAL_PRESENCE-ANY-2026,KXTRUMPSTATES-27JAN01-HI,37820522853307419797318933075070496878255836473748713690533722888676105946387,"Will Donald Trump visit Hawaii before Jan 1, 2027?","Will Donald Trump visit Hawaii before Jan 1, 2027?",,Will Donald Trump visit Hawaii in 2026?,,"['Yes', 'No']",OK
BWR-TRUMP-VISIT-NY-PHYSICAL_PRESENCE-ANY-2026,KXTRUMPSTATES-27JAN01-NY,104972395493394735449286062755999534012653892104083993578636964087080698004996,"Will Donald Trump visit New York before Jan 1, 2027?","Will Donald Trump visit New York before Jan 1, 2027?",,Will Donald Trump visit New York in 2026?,,"['Yes', 'No']",OK
BWR-TRUMP-VISIT-VA-PHYSICAL_PRESENCE-ANY-2026,KXTRUMPSTATES-27JAN01-VA,261458002604587076860238256715049516062978719263444185441796938230932185420,"Will Donald Trump visit Virginia before Jan 1, 2027?","Will Donald Trump visit Virginia before Jan 1, 2027?",,Will Donald Trump visit Virginia in 2026?,,"['Yes', 'No']",OK
BWR-ORBAN-LEAVE-PM_HU-ANY_MEANS-ANY-2026,KXLEADERSOUT-27JAN01-VORBHUN,32402323872163219437586841469527883487852570105040853435192421086806034590591,"Will Viktor Orbán leave Prime Minister of Hungary before Jan 1, 2027?","Will Viktor Orbán leave Prime Minister of Hungary before Jan 1, 2027?",:: Prime Minister of Hungary,"Viktor Orbán out by December 31, 2026?",,"['Yes', 'No']",OK
BWR-GARNER-WIN-MAYOR_NEWARK_R2-CERTIFIED-ANY-2026,KXNEWARKMAYOR-26-TGAR,35217836889848090696689215639473967448822544931830626938396073119226165318607,Who will win the 2026 Newark mayoral election (including any runoffs)?,Who will win the 2026 Newark mayoral election (including any runoffs)?,,Will Tanisha Garner win the Newark mayoral election?,,"['Yes', 'No']",OK
BWR-MILTON-WIN-MAYOR_NEWARK_R2-CERTIFIED-ANY-2026,KXNEWARKMAYOR-26-NMIL,9676139750568345380530685572344799703730787378559771377132525842469105134012,Who will win the 2026 Newark mayoral election (including any runoffs)?,Who will win the 2026 Newark mayoral election (including any runoffs)?,,Will Noble Milton win the Newark mayoral election?,,"['Yes', 'No']",OK
BWR-SINGLETON-WIN-MAYOR_NEWARK_R2-CERTIFIED-ANY-2026,KXNEWARKMAYOR-26-NSIN,53547352963271306659931581209254443613583539317725677289072118984965630435420,Who will win the 2026 Newark mayoral election (including any runoffs)?,Who will win the 2026 Newark mayoral election (including any runoffs)?,,Will Nasheedah Singleton win the Newark mayoral election?,,"['Yes', 'No']",OK
BWR-DAVIS-WIN-MAYOR_NEWARK_R2-CERTIFIED-ANY-2026,KXNEWARKMAYOR-26-DDAV,110098187298571690750766350693598728024810869317073348905405467445044981730047,Who will win the 2026 Newark mayoral election (including any runoffs)?,Who will win the 2026 Newark mayoral election (including any runoffs)?,,Will Douglas Davis win the Newark mayoral election?,,"['Yes', 'No']",OK
BWR-TRUMP-IMPEACH-PRES-HOUSE_VOTE-ANY-JAN2029,KXIMPEACH-29-JAN20,99020283867209289889119738709824148614345922887757122199903300146152690995270,"Will the President be impeached before Jan 20, 2029?","Will the President be impeached before Jan 20, 2029?",,Will Trump be impeached before his term ends?,,"['Yes', 'No']",OK
BWR-FED-CUT-FFR-SPECIFIC_MEETING-25BPS-JUL2026,KXFEDDECISION-26JUL-C25,107111506004559425167535337910569809007100298896139468418632748246491535011700,Will the Federal Reserve Cut rates by 25bps at their July 2026 meeting?,Will the Federal Reserve Cut rates by 25bps at their July 2026 meeting?,Cut 25bps,Will the Fed decrease interest rates by 25 bps after the July 2026 meeting?,,"['Yes', 'No']",OK
BWR-BOJ-HIKE-INTEREST_RATE-SPECIFIC_MEETING-25BPS-JUN2026,KXCBDECISIONJAPAN-26JUN15-H25,109766947234377630038218036236758681480305330119718644003616435879479543570431,Will the Bank of Japan Hike 25bps at the June 2026 Monetary Policy Meeting?,Will the Bank of Japan Hike 25bps at the June 2026 Monetary Policy Meeting?,,Bank of Japan increases interest rates by 25 bps after the June 2026 meeting?,,"['Yes', 'No']",OK
